staff_id,dpt_id,date_hired,first_name,last_name,address,city,state,zip_code,phone,email,role,office,password
E1,10,4/15/2000,Isacco,Fairhead,65 Troy Avenue,Wichita,Kansas,73081,316-823-2080,ifairhead0@yandex.ru,etc,77,J7mzuZ
E2,4,1/24/2001,Caryl,Court,777 Ryan Court,Savannah,Georgia,67038,912-130-6075,ccourt1@wired.com,Instructor,166,cNpF7Xd
E3,2,12/18/1992,Broddy,Colebourn,7590 Esch Parkway,Detroit,Michigan,13655,313-463-8897,bcolebourn2@ocn.ne.jp,etc,44,qyMtrX94B
E4,5,8/27/1996,Steffie,Hampshaw,6281 Monument Circle,Duluth,Minnesota,89365,218-332-5086,shampshaw3@irs.gov,Instructor,9,9Px4jtt
E5,5,9/22/1981,Jarid,Blinkhorn,12231 Del Sol Avenue,Jefferson City,Missouri,41102,573-347-9900,jblinkhorn4@themeforest.net,Instructor,1,01qiCk2GPR
E6,10,2/24/1991,Rustie,Cristea,8484 Bellgrove Lane,Des Moines,Iowa,45476,515-456-9711,rcristea5@addtoany.com,Instructor,134,fCK1VlqVhE
E7,7,4/19/2009,Lynnea,Cona,15049 Forest Run Drive,Savannah,Georgia,14247,912-884-4650,lcona6@google.com.au,Instructor,110,NFz3hvnYOcB
E8,1,4/25/2017,Saunderson,Robjant,4165 Roth Crossing,Nashville,Tennessee,83603,615-605-5392,srobjant7@t-online.de,Instructor,156,lIMWRkyzGz
E9,9,1/19/1998,Tiena,Bozward,809 Cardinal Junction,Oakland,California,73441,415-287-8334,tbozward8@miibeian.gov.cn,Instructor,149,egi7K0K
E10,3,5/27/2002,Johnathon,Furze,43 Comanche Pass,Inglewood,California,49881,310-881-7298,jfurze9@linkedin.com,etc,31,P5Q7WawUitk
E11,8,11/21/1993,Paxton,Bowering,1906 Kennedy Pass,Washington,District of Columbia,25968,202-701-7669,pboweringa@blogs.com,etc,97,UtZoBmfF8w
E12,1,6/23/2018,Doretta,Beevers,48 Ridgeview Way,Milwaukee,Wisconsin,42070,414-266-3819,dbeeversb@usda.gov,etc,124,UecXALZ
E13,1,8/17/1983,Rebekah,Meran,69286 Heffernan Park,Reading,Pennsylvania,40481,610-450-1032,rmeranc@census.gov,admin,64,5L62lxhW
E14,9,3/24/1988,Stormie,Blemen,268 Cottonwood Way,Lansing,Michigan,64194,517-474-9024,sblemend@parallels.com,Instructor,63,GDqu2xOJt
E15,2,11/6/1993,Ebenezer,Croy,92042 Maryland Crossing,Raleigh,North Carolina,89717,919-983-1873,ecroye@facebook.com,admin,20,uAnfcFb
E16,6,12/26/2009,Chaunce,Arnould,4 Jenifer Drive,Peoria,Illinois,81487,309-276-9551,carnouldf@cmu.edu,Instructor,58,2dv4Rd4lt7P
E17,3,6/1/2019,Raye,Wormstone,30022 Pierstorff Junction,Lubbock,Texas,24872,806-483-8623,rwormstoneg@abc.net.au,admin,90,RluQ6PBQ
E18,2,10/25/1993,Gwynne,Ellerton,8 Killdeer Place,Metairie,Louisiana,10608,504-956-9347,gellertonh@wikia.com,etc,3,BbZr0CyaK
E19,4,12/20/1999,Devinne,Aitkin,56 Ruskin Junction,Atlanta,Georgia,34899,404-692-3950,daitkini@hatena.ne.jp,admin,138,aUyWWPx8ap
E20,7,3/23/2012,Cyb,Lechelle,28253 Meadow Vale Center,San Antonio,Texas,42618,210-262-0210,clechellej@tuttocitta.it,Instructor,55,H1K2LC
E21,2,3/26/2011,Simone,Cheyne,51857 Dorton Junction,Las Vegas,Nevada,62153,702-427-0561,scheynek@ehow.com,Instructor,140,9oQduWUS
E22,4,12/18/2018,Dominica,Stanyard,9642 Daystar Road,Lubbock,Texas,51543,806-232-2128,dstanyardl@gravatar.com,Instructor,50,bvNX7ECW
E23,2,5/2/2007,Herc,Fernant,1806 Becker Way,Salt Lake City,Utah,92372,801-988-8331,hfernantm@bandcamp.com,Instructor,159,8hZ9L5SZL1J
E24,10,4/6/2013,Herminia,Paolinelli,8824 Sommers Hill,Winter Haven,Florida,14132,863-578-2131,hpaolinellin@dailymotion.com,Instructor,160,YXnFOn
E25,1,5/30/1988,Sigrid,Lampart,6249 Moose Avenue,Columbus,Mississippi,12204,662-349-0024,slamparto@cmu.edu,etc,155,9Yk5HU
E26,3,9/18/1993,Maurits,Costa,6675 Bobwhite Place,Omaha,Nebraska,35313,402-598-3716,mcostap@princeton.edu,etc,16,LKY1z9SY
E27,1,9/4/1986,Jessie,Eckley,95501 Melrose Parkway,Washington,District of Columbia,72269,202-519-9424,jeckleyq@a8.net,etc,159,HFp0aRwtD
E28,5,6/5/1980,Tarra,Kenna,084 Anderson Court,Washington,District of Columbia,71985,202-945-6789,tkennar@digg.com,admin,139,oKiXsveMfRNs
E29,5,1/20/2016,Nehemiah,Reven,0297 Dovetail Street,Des Moines,Iowa,62312,515-581-4395,nrevens@blogspot.com,Instructor,188,RzeIItNFmf1X
E30,9,1/20/1993,Geri,Ahrendsen,076 Granby Place,Chicago,Illinois,29964,773-511-4097,gahrendsent@moonfruit.com,Instructor,32,EsZ4we0WiA
E31,7,5/3/1981,Zola,Haysar,63779 Melvin Alley,Cleveland,Ohio,86305,216-844-7677,zhaysaru@amazonaws.com,Instructor,78,wOPB8wM
E32,7,9/10/2005,Amanda,Shave,47 Arkansas Pass,Philadelphia,Pennsylvania,32164,215-990-3495,ashavev@ucsd.edu,Instructor,150,RDQr8zw
E33,6,1/24/2006,Cheri,Piletic,27268 Victoria Circle,Honolulu,Hawaii,71384,808-516-3357,cpileticw@issuu.com,admin,103,CiSL0FeJU
E34,7,5/23/2018,Emalee,Sandom,6 Judy Plaza,Johnson City,Tennessee,95123,423-392-8423,esandomx@bravesites.com,etc,141,mM5obrL2
E35,4,7/31/1988,Violetta,Vondrak,00 Delladonna Lane,Washington,District of Columbia,36821,202-300-6690,vvondraky@amazon.com,admin,127,pPKpfRQz6I
E36,6,7/13/2008,Cathie,Rive,43887 Dovetail Avenue,San Antonio,Texas,86595,210-419-6005,crivez@bing.com,etc,76,kE5tnKTt
E37,8,1/24/2019,Gordy,Dallinder,4 Dorton Center,Arlington,Texas,14491,817-250-5362,gdallinder10@oaic.gov.au,admin,184,zF2X84gVO33
E38,7,5/31/2003,Andre,Eldridge,2 Main Center,Albuquerque,New Mexico,97855,505-251-5733,aeldridge11@npr.org,Instructor,151,M3CX9wj0j
E39,9,11/13/2012,Crissie,Vicar,02 Towne Street,Utica,New York,44719,315-342-5403,cvicar12@quantcast.com,Instructor,73,wbzBLGwvw
E40,4,4/2/1994,Arnuad,Watts,823 Luster Court,Roanoke,Virginia,33685,540-854-1865,awatts13@mtv.com,etc,149,beVPVsA2BkQ
E41,9,3/17/1987,Derril,Kingaby,44 Sage Crossing,Jacksonville,Florida,27241,904-461-6208,dkingaby14@xing.com,admin,147,ZzG1o3Mmwl
E42,2,1/7/2004,Rochell,Newell,51802 Fairview Circle,Greenville,South Carolina,73242,864-618-9669,rnewell15@ed.gov,etc,108,50AqgFcHN
E43,2,7/10/2008,Guendolen,Underhill,633 Lunder Lane,Loretto,Minnesota,61617,763-287-7378,gunderhill16@google.co.uk,Instructor,161,dp2mxO
E44,1,11/1/2017,Kirbee,Hartzog,3 Messerschmidt Street,Levittown,Pennsylvania,85261,267-558-1834,khartzog17@google.com.au,Instructor,58,TPCLsAOpQu
E45,3,7/26/2013,Jaquelin,Orrick,11 Carey Avenue,Columbus,Mississippi,78005,662-266-2964,jorrick18@indiegogo.com,etc,101,nLCDOBjuxqvc
E46,10,12/4/2006,Correna,Peotz,75 Talisman Court,Nashville,Tennessee,69844,615-883-7421,cpeotz19@dailymail.co.uk,admin,72,p3VJJvvi
E47,10,12/9/2007,Dolly,Bezant,91581 Fuller Hill,Pittsburgh,Pennsylvania,15197,412-954-4786,dbezant1a@infoseek.co.jp,Instructor,155,4UeSjBl6pELV
E48,3,5/25/2004,Milty,Allmark,13 Oakridge Place,Irvine,California,38919,949-997-8404,mallmark1b@earthlink.net,Instructor,137,ioNo5BdI9Y
E49,3,5/17/2015,Becky,Wetherby,510 Quincy Junction,Green Bay,Wisconsin,31743,920-105-2157,bwetherby1c@squarespace.com,etc,68,AQtjtGqwzGL
E50,2,12/7/1997,Jae,Abby,47129 Duke Circle,Lexington,Kentucky,73812,859-530-7568,jabby1d@rediff.com,etc,93,9YGnaDlAGu
E51,7,6/21/2000,Winn,Astridge,496 Veith Drive,Grand Rapids,Michigan,39141,616-986-4271,wastridge1e@usda.gov,Instructor,2,nSd3lrb
E52,3,4/19/2016,Gerhardt,Flinders,5534 Roth Avenue,College Station,Texas,88458,979-199-7476,gflinders1f@columbia.edu,Instructor,47,CVA0fb7D2
E53,6,4/11/2009,Costanza,Rees,72335 Bowman Pass,Stockton,California,18027,209-812-3424,crees1g@posterous.com,etc,99,pTIhQgyC
E54,3,8/12/2004,Melvin,Jessett,1493 Pine View Park,Miami,Florida,69836,305-221-5111,mjessett1h@unicef.org,Instructor,33,Mp1WkYetDW
E55,2,11/17/2003,Emmalee,Whiles,5 Sunnyside Place,Norwalk,Connecticut,75364,203-165-6640,ewhiles1i@tumblr.com,etc,145,NmOkQ4
E56,4,10/9/1980,Doy,Piscopello,643 Delaware Point,Stockton,California,63848,209-860-7741,dpiscopello1j@youtube.com,Instructor,70,FJjwnLjhCU1
E57,5,2/1/2016,Elane,Dominighi,9 Westend Center,Richmond,Virginia,20431,804-431-8273,edominighi1k@seattletimes.com,etc,71,6QucppjHKiA
E58,5,1/2/1989,Brandtr,Jakubovits,68024 Clove Terrace,Santa Clara,California,83433,858-698-3415,bjakubovits1l@over-blog.com,etc,111,ZcswirYQgew2
E59,2,1/6/2018,Vinita,Pellew,782 Sheridan Plaza,Kansas City,Missouri,88179,816-785-5853,vpellew1m@intel.com,etc,73,WrLmSbptmz
E60,4,8/3/2002,Dall,McCracken,175 Pond Way,Charlotte,North Carolina,82766,704-371-3465,dmccracken1n@moonfruit.com,Instructor,180,CghsR2
E61,1,11/8/1990,Mariska,Grooby,733 Hollow Ridge Place,Saint Louis,Missouri,64257,314-170-6986,mgrooby1o@washington.edu,admin,57,dkXp2XG
E62,1,9/21/2015,Haroun,Wallage,90 Sommers Lane,Brooksville,Florida,29460,352-134-1942,hwallage1p@is.gd,admin,55,zVcIiC
E63,7,5/18/1999,Wayland,Kinde,3 Trailsway Lane,Tampa,Florida,34674,813-314-9846,wkinde1q@meetup.com,Instructor,140,YCW6V7
E64,5,12/13/2004,Flinn,Knocker,59 Basil Way,Redwood City,California,31113,650-463-2817,fknocker1r@1und1.de,Instructor,30,hhAi6iVTwNJx
E65,3,4/16/2004,Lissa,Baylis,02923 Straubel Drive,Young America,Minnesota,87244,952-909-2961,lbaylis1s@nydailynews.com,Instructor,197,TJDWKYm4b5gO
E66,5,7/17/2019,Parke,Stoffers,0 Burrows Trail,New York City,New York,24625,646-958-0588,pstoffers1t@cisco.com,Instructor,116,3EltiiHBC0Z
E67,9,6/11/2019,Humfrey,Wilkes,39380 Crescent Oaks Avenue,Dallas,Texas,26109,972-222-1215,hwilkes1u@independent.co.uk,Instructor,78,xDk5K9o9TwWR
E68,5,3/13/2020,Evanne,Dacks,15 7th Plaza,Fort Lauderdale,Florida,16929,754-832-8451,edacks1v@reddit.com,Instructor,50,iyZYakUAzj4d
E69,1,12/11/1997,Giffer,McGlade,3147 Di Loreto Street,Brooklyn,New York,80829,212-781-3769,gmcglade1w@phoca.cz,admin,107,O0PfMVHqa
E70,7,3/6/1994,Roby,Noddings,91 Armistice Circle,Wichita,Kansas,77097,316-778-1232,rnoddings1x@plala.or.jp,admin,64,wjuiLW
E71,8,3/12/2020,Nico,Orvis,04568 Delladonna Hill,Paterson,New Jersey,66525,862-598-8113,norvis1y@ucoz.ru,etc,27,qZksmi46Gt1
E72,9,8/4/1992,Kelly,Kollatsch,427 Fuller Junction,Syracuse,New York,12136,315-133-4022,kkollatsch1z@gov.uk,etc,32,XzKbg43Rx
E73,7,8/8/1999,Cherry,Colbran,24 Lillian Place,New York City,New York,30534,212-852-8025,ccolbran20@about.me,admin,142,Pp9OGG2
E74,1,6/17/1982,Rolfe,Sabathe,17930 Tennyson Terrace,Topeka,Kansas,98624,785-177-3066,rsabathe21@springer.com,etc,113,eZ6tGia
E75,9,7/11/1992,Felix,Kmietsch,84042 Golf Terrace,Huntington Beach,California,51186,760-286-1794,fkmietsch22@toplist.cz,admin,162,gL2ICY5WX
E76,6,2/9/1993,Mattie,Daynter,9328 East Way,New York City,New York,64276,212-816-3500,mdaynter23@creativecommons.org,admin,13,y6C3zcQ2d96p
E77,5,9/4/2000,Kimmy,McDonogh,6483 8th Place,Orlando,Florida,73095,407-295-5216,kmcdonogh24@rakuten.co.jp,etc,108,mpn4GFCZ2
E78,7,9/8/2018,Bale,Jefford,21 Scott Street,San Luis Obispo,California,84748,805-234-5481,bjefford25@ameblo.jp,etc,30,oLqy1ceM7y7
E79,6,12/13/2013,Bowie,McNeilly,99836 Thierer Court,Corona,California,60811,951-909-7395,bmcneilly26@nba.com,etc,114,tNNWC49
E80,5,3/22/2004,Giraud,Coffelt,69521 Dunning Lane,Littleton,Colorado,44426,303-680-1011,gcoffelt27@ca.gov,Instructor,189,r8aFPv3
E81,5,8/1/1986,Karyn,Shephard,67 Scofield Park,Carson City,Nevada,46521,775-255-5574,kshephard28@craigslist.org,etc,121,ASo5Fd49lcD
E82,10,12/16/1982,Ursulina,Winspurr,02351 Main Alley,Birmingham,Alabama,20185,205-256-3246,uwinspurr29@163.com,etc,165,bUCYKxGVtqoW
E83,4,7/18/1981,Pansie,Ainger,20 Duke Lane,Lake Charles,Louisiana,99691,337-922-8488,painger2a@feedburner.com,Instructor,170,Y8uhpuKkI
E84,4,2/25/2019,Layne,Raatz,234 Express Junction,Texarkana,Texas,96667,903-262-8299,lraatz2b@statcounter.com,etc,195,H0wHcSXFroD
E85,2,10/17/1981,Roseline,Tebald,3715 Surrey Avenue,West Palm Beach,Florida,40517,561-887-0041,rtebald2c@reuters.com,etc,157,da8kgA5RsjEh
E86,4,1/23/1986,Petra,Enticknap,17623 Sunnyside Avenue,Scranton,Pennsylvania,32349,570-764-0541,penticknap2d@arstechnica.com,etc,150,1sZtMYiAFb
E87,9,5/9/2018,Rock,Keld,77622 Gina Road,Saint Paul,Minnesota,45224,651-753-1598,rkeld2e@prweb.com,admin,168,fKAngXLLotgd
E88,8,11/27/1983,Hallie,Cleynaert,5005 Lake View Trail,Washington,District of Columbia,91062,202-734-7049,hcleynaert2f@elpais.com,Instructor,84,1K1MtAW
E89,4,9/29/2014,Chrysler,Margach,6 Commercial Junction,Chicago,Illinois,57758,312-598-0700,cmargach2g@cnbc.com,admin,181,S4UsiK3PM
E90,9,7/26/1993,Alexi,Staining,37 Marcy Circle,Sacramento,California,19298,530-145-7135,astaining2h@springer.com,etc,67,oj4MN7
E91,3,6/1/2007,Worden,Krienke,6 Rusk Trail,Boston,Massachusetts,35756,617-242-7569,wkrienke2i@gravatar.com,admin,154,aFxvPA26Z
E92,10,8/5/2018,Pierrette,Carrodus,166 Oak Valley Hill,Colorado Springs,Colorado,54620,719-672-3049,pcarrodus2j@slideshare.net,Instructor,103,8jSqPcxsLqL
E93,3,5/17/2003,Padget,Reeves,7 Rusk Plaza,High Point,North Carolina,57319,336-532-8280,preeves2k@ow.ly,admin,83,N9vwW2ni
E94,6,10/26/1982,Britta,Leall,39158 Glacier Hill Crossing,Stamford,Connecticut,88296,203-811-1546,bleall2l@drupal.org,admin,67,J4iXWSy6
E95,9,11/7/2019,Courtney,Gowlett,74 Pine View Trail,Boston,Massachusetts,50994,617-600-2250,cgowlett2m@4shared.com,etc,122,4XcThSK
E96,5,9/8/1994,Allianora,Ratnage,2 Schmedeman Avenue,New York City,New York,39716,347-283-0602,aratnage2n@tinyurl.com,admin,54,7BtQ8Dmd
E97,1,7/27/2007,Daloris,Bonwell,4333 Debs Circle,Harrisburg,Pennsylvania,14486,717-680-5016,dbonwell2o@squarespace.com,admin,87,r7Q8ei0C1rSk
E98,8,9/18/2004,Constancy,Coston,5105 Jana Court,Van Nuys,California,51410,323-320-9677,ccoston2p@mac.com,etc,14,wGLOIZ3yo
E99,10,1/31/1995,Harwilll,Paunton,7 Bartillon Circle,Detroit,Michigan,68777,313-723-8877,hpaunton2q@de.vu,admin,78,aY7JHp
E100,3,10/19/2018,Hyman,Perfect,5 Meadow Vale Drive,Decatur,Georgia,84494,404-861-2482,hperfect2r@mayoclinic.com,Instructor,51,39HGISuc
E101,4,12/2/2003,Olly,Laville,1972 Carberry Trail,Beaumont,Texas,88908,409-105-4732,olaville2s@kickstarter.com,admin,43,NNiibXU
E102,1,8/14/2017,Sarajane,Cleyne,33 Cambridge Road,Young America,Minnesota,30685,952-511-0493,scleyne2t@stanford.edu,etc,163,zUCLIQ
E103,2,2/16/1989,Collen,August,10204 Glendale Drive,Denver,Colorado,97912,303-692-4933,caugust2u@patch.com,Instructor,181,pkwfeD7Ic5n
E104,10,9/17/1998,Artus,Threadgall,2875 Lighthouse Bay Road,Columbia,South Carolina,89792,803-623-8599,athreadgall2v@businessinsider.com,Instructor,156,cZkbBxyH
E105,9,12/25/1992,Fin,Davitt,801 Coolidge Way,Columbus,Ohio,47864,614-809-4278,fdavitt2w@mozilla.com,etc,99,I2IZEJbr1hkD
E106,9,1/3/2018,Clementius,Mitchelson,86 Prairie Rose Pass,San Francisco,California,31029,415-282-4963,cmitchelson2x@meetup.com,etc,7,PyqTchQiqB46
E107,2,3/21/1996,Carissa,Setchell,240 Lillian Drive,Topeka,Kansas,28858,785-578-7400,csetchell2y@netscape.com,admin,7,0EdEUpxooLr
E108,4,5/3/2002,Samuele,Polamontayne,71942 Wayridge Point,Albuquerque,New Mexico,79382,505-200-6424,spolamontayne2z@paypal.com,Instructor,19,4tFLm8pVLXX
E109,10,8/13/2007,Shena,Hamstead,2031 Hauk Lane,Visalia,California,39507,559-498-8251,shamstead30@wisc.edu,Instructor,116,waMw2cZ
E110,2,8/22/2007,Lindsay,Sweeting,7552 Division Terrace,Omaha,Nebraska,91089,402-552-5420,lsweeting31@ucoz.ru,etc,1,jec8bn
E111,6,11/12/2006,Beaufort,Madgett,85058 Graceland Parkway,Pomona,California,28793,909-240-9940,bmadgett32@photobucket.com,Instructor,11,Mn1TopanE5
E112,9,5/10/2015,Mignon,Olensby,22293 Bartillon Pass,Troy,Michigan,19396,248-168-4778,molensby33@google.com.au,admin,190,EZewIS
E113,9,2/26/2019,Kyle,Blackaby,172 Sunfield Terrace,Norfolk,Virginia,90581,757-921-8287,kblackaby34@histats.com,Instructor,131,LERAhwK3p
E114,6,1/6/1986,Patricia,Millin,159 Warbler Alley,Portsmouth,New Hampshire,77387,603-835-2208,pmillin35@npr.org,admin,74,xXt355TieKvC
E115,2,12/16/2000,Wolfie,South,2383 Prentice Lane,Kansas City,Missouri,62289,816-498-5584,wsouth36@spiegel.de,etc,128,WDZtZSL9j
E116,7,1/11/2016,Florida,Parmley,63 Mandrake Center,Sacramento,California,57622,916-152-2876,fparmley37@angelfire.com,etc,124,WhKCYQnC
E117,8,6/18/1985,Demetri,McBlain,620 Spohn Lane,Tulsa,Oklahoma,92430,918-954-0737,dmcblain38@globo.com,Instructor,6,99SF50sM7d5z
E118,2,4/27/1996,Mohandas,Lux,146 Charing Cross Park,New Orleans,Louisiana,16517,504-886-9090,mlux39@sohu.com,etc,94,eL3xPVg
E119,6,5/15/1994,Melisse,McTerry,6553 Goodland Street,Portland,Oregon,85860,971-477-4253,mmcterry3a@cnet.com,etc,81,0UmLmBKu2C
E120,7,6/7/1998,Ida,Ponsford,9 Luster Avenue,Gilbert,Arizona,13036,480-284-8178,iponsford3b@economist.com,Instructor,90,b3d67jguB
E121,3,1/2/2011,Teri,Undy,82 Rowland Park,Cleveland,Ohio,99937,216-675-9961,tundy3c@nhs.uk,etc,53,OwxXnw
E122,3,6/1/1990,Keir,Collimore,58701 Prairieview Crossing,Columbus,Ohio,95664,614-329-9338,kcollimore3d@bloglovin.com,Instructor,102,xM0l5ISx6
E123,4,8/23/1995,Leonore,Lowdes,5286 Gulseth Court,Santa Clara,California,89154,949-338-5990,llowdes3e@cpanel.net,admin,158,CGi2jIvF
E124,6,10/15/1983,Hodge,Bottini,4808 Ruskin Court,Minneapolis,Minnesota,61691,612-487-6942,hbottini3f@webs.com,etc,31,WRHsC1bCMG7
E125,10,7/18/2009,Amerigo,Taylor,2355 Spohn Way,Rochester,New York,83591,585-714-6595,ataylor3g@ehow.com,admin,130,glGQT6y5k5
E126,2,2/9/1981,Meg,Feasey,50 Bluejay Road,San Jose,California,80322,408-691-7421,mfeasey3h@desdev.cn,Instructor,57,qtHkl9
E127,3,12/3/2002,Misti,Emons,05 Jay Street,Fresno,California,11212,209-859-5109,memons3i@ucoz.com,Instructor,23,0iWnUST
E128,3,9/17/1987,Ruggiero,Blaber,74997 Kensington Parkway,Pompano Beach,Florida,53196,754-119-8112,rblaber3j@discuz.net,admin,102,YJLrz5km9i
E129,10,1/20/2001,Sadye,Dallan,2 Mccormick Crossing,Ocala,Florida,91024,352-883-2437,sdallan3k@joomla.org,admin,55,rS9Mmf
E130,6,10/6/2018,Kate,Ewebank,5 Ridgeview Junction,Raleigh,North Carolina,79803,919-294-0066,kewebank3l@tripadvisor.com,etc,8,yS4Qp9w11Uyz
E131,7,4/25/1993,Rollie,Jado,56206 Blaine Park,Mobile,Alabama,78583,251-935-8839,rjado3m@sourceforge.net,admin,133,TyK30V9KF
E132,7,12/3/2012,Trevar,Norley,906 Reinke Crossing,Seattle,Washington,42813,206-989-6753,tnorley3n@free.fr,admin,109,7u7uvfEq6l
E133,1,5/27/2007,Averyl,Slessar,507 Debra Circle,Montgomery,Alabama,37322,334-853-5485,aslessar3o@stanford.edu,Instructor,41,LDkXJUd38C
E134,3,3/2/2009,Walliw,Nelm,93978 Dunning Place,Dallas,Texas,29281,972-460-0508,wnelm3p@usa.gov,Instructor,53,nswAStD
E135,1,7/23/1993,Carr,McDavid,445 Eggendart Road,Garden Grove,California,36246,714-146-4813,cmcdavid3q@forbes.com,etc,147,dRsgaefT
E136,9,4/23/1997,Kennedy,McShirrie,5 Carey Lane,Columbus,Ohio,64456,614-255-7095,kmcshirrie3r@cisco.com,admin,66,m4nAS8p
E137,5,7/21/1996,Orland,Pedder,3682 Bashford Place,Dallas,Texas,90380,214-816-6158,opedder3s@nifty.com,Instructor,34,LRMwW1YYXm
E138,4,9/20/1983,Sherwin,Fiveash,076 Kenwood Circle,Jamaica,New York,80100,917-339-1632,sfiveash3t@gnu.org,admin,174,W47drV2R
E139,3,9/28/2015,Zsa zsa,Chessil,404 Pierstorff Way,Torrance,California,43230,818-806-6806,zchessil3u@meetup.com,etc,120,xyR951ZP
E140,7,10/5/1980,Linn,Burrass,869 Butterfield Point,Aurora,Illinois,28956,630-887-5034,lburrass3v@plala.or.jp,Instructor,60,DDRtuIhU7Lw
E141,7,3/16/2017,Man,Eisikowitz,30 Union Way,Phoenix,Arizona,64800,602-948-5573,meisikowitz3w@homestead.com,admin,186,2fsDtP
E142,2,1/9/1988,Judd,O'Rourke,0149 East Junction,Mobile,Alabama,85029,251-819-3503,jorourke3x@infoseek.co.jp,admin,89,8obLo7Kgt5M1
E143,5,6/1/2015,Kendell,Kalkofer,95 Mayfield Trail,Huntsville,Alabama,42451,256-576-6599,kkalkofer3y@bloglines.com,Instructor,110,cqxjfM
E144,2,3/20/2010,Kissie,Cookman,3816 Independence Junction,Corona,California,49293,951-561-6954,kcookman3z@arstechnica.com,Instructor,55,TwRjbsX1uyR
E145,1,12/5/2006,Brynna,Seiter,4502 Anhalt Drive,Omaha,Nebraska,10482,402-217-8386,bseiter40@google.com.au,etc,56,FozDhf
E146,3,6/19/2003,Kandace,Dod,9130 David Crossing,Louisville,Kentucky,11457,502-963-3685,kdod41@tripadvisor.com,admin,163,x0RdwwvGe
E147,10,11/13/1998,Livvy,Pattemore,836 Briar Crest Terrace,Toledo,Ohio,89962,419-650-7302,lpattemore42@fotki.com,Instructor,6,9al6Jmn4RV
E148,7,11/15/2015,Cosme,Attoe,91 Ronald Regan Point,Saint Petersburg,Florida,53265,727-218-3135,cattoe43@i2i.jp,etc,125,xGwAS82pwR4
E149,4,2/8/1999,Alvie,Wolfendell,16 7th Place,Jacksonville,Florida,61522,904-907-1860,awolfendell44@lulu.com,etc,155,hMcEtRyWb
E150,2,6/20/2016,Jarid,Pedroli,90 Oriole Hill,Jackson,Mississippi,49706,601-306-3134,jpedroli45@pagesperso-orange.fr,admin,48,BFuQ8sCZG
E151,4,7/17/1997,Hersch,Stallan,0 Mayfield Trail,Pittsburgh,Pennsylvania,45682,-8792,hstallan46@google.ru,Instructor,189,iKABd19k
E152,1,1/10/2007,Edeline,Pearsall,9886 Comanche Avenue,Seminole,Florida,36217,941-981-2722,epearsall47@princeton.edu,etc,188,6zq5WZA
E153,1,10/28/1986,Reidar,Sebborn,2576 Killdeer Hill,Brooklyn,New York,20184,718-380-0937,rsebborn48@netscape.com,etc,105,GiKPHvFfh
E154,2,9/21/1997,Pauline,Cobb,49562 Bayside Junction,Brooklyn,New York,36903,718-514-9704,pcobb49@hud.gov,admin,75,JAZ140j
E155,6,8/18/2001,Andres,Wrathmell,06691 Kenwood Pass,Gainesville,Georgia,99289,404-757-8098,awrathmell4a@youku.com,admin,126,3Nq53x3Nqa
E156,8,7/10/2017,Arluene,Payler,7738 Huxley Street,Richmond,Virginia,66125,804-759-0785,apayler4b@nature.com,admin,1,paWZh9m8mE
E157,10,5/6/2008,Anetta,Kingaby,0 La Follette Parkway,Newark,Delaware,15688,302-445-7097,akingaby4c@simplemachines.org,etc,13,qF8o50
E158,5,12/20/2011,Warner,Reneke,8 Cottonwood Junction,Minneapolis,Minnesota,79321,651-394-4938,wreneke4d@reddit.com,Instructor,14,BvA0bo5I9
E159,7,1/12/1988,Eugen,Walentynowicz,65 Saint Paul Road,Santa Fe,New Mexico,52380,505-351-4686,ewalentynowicz4e@free.fr,etc,14,znfSp3dJDg1T
E160,2,11/1/1999,Ebonee,Affron,2972 Knutson Trail,Phoenix,Arizona,28031,602-694-6731,eaffron4f@joomla.org,admin,117,eMSpg7VFnGIo
E161,9,1/6/1983,Kalle,Sukbhans,796 Susan Road,Lehigh Acres,Florida,60104,863-908-3586,ksukbhans4g@independent.co.uk,admin,135,3zbKtMIZKY7
E162,6,3/27/1994,Suzanne,Philips,42 Onsgard Alley,Raleigh,North Carolina,35431,919-924-1614,sphilips4h@squarespace.com,admin,161,P0PX1M02vHo
E163,4,8/9/2015,Rachel,Dawidowitsch,588 Del Sol Road,Canton,Ohio,87416,330-511-1851,rdawidowitsch4i@mit.edu,etc,28,YkI4mdstjGS
E164,9,8/26/2016,Deloris,Goodwyn,06859 New Castle Place,San Antonio,Texas,26641,830-441-5128,dgoodwyn4j@biglobe.ne.jp,admin,163,doXQQlH
E165,3,1/24/2015,Sibel,Cannam,70351 Old Shore Parkway,Arlington,Virginia,78176,571-813-2729,scannam4k@irs.gov,Instructor,8,eB34E8f7
E166,10,10/23/2015,Nikkie,Fewell,4689 Cottonwood Way,Berkeley,California,19142,510-507-9599,nfewell4l@deviantart.com,etc,95,5zwKGY056
E167,7,11/4/2017,Griffith,Ambrogiotti,6224 Monica Way,Baltimore,Maryland,54670,410-503-5117,gambrogiotti4m@canalblog.com,Instructor,23,K0irj2eKnqTt
E168,5,3/7/1980,Sumner,Waters,4 Porter Pass,Austin,Texas,29285,512-434-3197,swaters4n@sogou.com,etc,108,Qy0khmc
E169,3,3/1/1990,Elaine,Jennings,388 Washington Parkway,Washington,District of Columbia,45695,202-873-3586,ejennings4o@parallels.com,Instructor,53,OatOTO6
E170,6,6/18/1996,Lilla,Chazelas,8240 Basil Parkway,Richmond,Virginia,28791,804-287-9588,lchazelas4p@amazon.co.uk,admin,117,f7T6jCC4
E171,1,4/17/2008,Trudie,Frift,4613 Ryan Point,Fresno,California,22755,209-369-6942,tfrift4q@engadget.com,etc,107,kqAN6FHDbkFK
E172,1,12/21/2000,Tootsie,McNern,2131 Utah Pass,Salt Lake City,Utah,48651,801-962-7292,tmcnern4r@gizmodo.com,admin,57,YUIfuNPvn
E173,5,11/10/2012,Dun,MacLennan,5 Sachtjen Junction,Waco,Texas,94230,254-803-9501,dmaclennan4s@cafepress.com,etc,109,9O8rQp6e7
E174,1,9/15/2005,Tibold,Lethcoe,3 Johnson Place,Albany,New York,36529,518-520-5702,tlethcoe4t@blogger.com,etc,160,UO9D3g64EK
E175,7,12/11/1981,Emmett,Doudney,8621 Declaration Court,Clearwater,Florida,42172,813-989-2267,edoudney4u@cnet.com,Instructor,15,G6eUX0
E176,4,5/31/2013,Skye,Pedrielli,85 Gerald Junction,Washington,District of Columbia,41780,202-268-6460,spedrielli4v@oracle.com,etc,140,tJKd8mE
E177,9,8/29/1983,Sib,Eplett,7 Quincy Road,Los Angeles,California,36106,562-111-5913,seplett4w@hc360.com,etc,63,hLzckrlUxaZ
E178,2,5/2/2018,Eolanda,Reston,2325 Maryland Street,Jamaica,New York,63626,718-237-9352,ereston4x@rakuten.co.jp,etc,96,UyP7u2iwE
E179,9,9/16/1997,Amaleta,Retallack,5392 Ridgeway Way,Grand Forks,North Dakota,16799,701-327-7299,aretallack4y@globo.com,Instructor,138,d943SuX2VOIg
E180,6,1/3/1986,Marcos,McSporon,8413 Fairview Terrace,Decatur,Illinois,61208,217-157-2821,mmcsporon4z@newsvine.com,Instructor,194,i7INnDSUlz
E181,6,10/30/2013,Sukey,Althrope,7831 Kingsford Circle,El Paso,Texas,44049,915-432-1456,salthrope50@chicagotribune.com,etc,43,pKAiVN
E182,1,6/16/2004,Calli,McTrustrie,3 Delaware Hill,Reston,Virginia,36121,571-689-2100,cmctrustrie51@jigsy.com,etc,143,7YT3QyzDJi
E183,7,11/7/1987,Anestassia,Dobbing,5 Graedel Way,Young America,Minnesota,50293,952-863-7635,adobbing52@cloudflare.com,etc,139,HsvSLt
E184,10,7/7/1989,Tootsie,Kimberly,56252 Coleman Pass,Grand Rapids,Michigan,27831,616-351-6135,tkimberly53@elegantthemes.com,admin,51,R6pTap22
E185,9,4/9/2004,Johny,Hadlee,641 Forster Way,Huntsville,Alabama,43414,256-836-0785,jhadlee54@msu.edu,Instructor,5,xPRgbSn
E186,6,3/15/1991,Minerva,Butterfint,4 Golf Place,Rochester,New York,73200,585-179-2851,mbutterfint55@posterous.com,etc,130,2WAasX13
E187,1,3/16/1998,Oates,Wills,843 South Terrace,Memphis,Tennessee,98200,901-419-9824,owills56@gmpg.org,etc,107,lRFMxFXKxCb
E188,8,3/7/2020,Gnni,Beathem,0920 Nevada Junction,Saint Paul,Minnesota,93098,612-446-9232,gbeathem57@rakuten.co.jp,admin,11,bUbXVBMfG
E189,5,5/16/1980,Tami,Ockland,6 Vernon Street,Huntington,West Virginia,95861,304-820-1244,tockland58@cnbc.com,Instructor,58,Hinh9X
E190,9,9/15/1983,Merry,Souza,1 Toban Trail,Fort Wayne,Indiana,29427,260-655-2569,msouza59@theatlantic.com,Instructor,137,inUFlC4
E191,3,12/4/1981,Riannon,Sutherby,9 Mayer Court,Birmingham,Alabama,29128,205-261-2956,rsutherby5a@microsoft.com,Instructor,86,iYZCLvmN1Z
E192,2,3/10/1992,Inga,Petrolli,7 Montana Crossing,Kansas City,Missouri,48127,816-384-1624,ipetrolli5b@pagesperso-orange.fr,Instructor,14,L7k0e7
E193,10,7/17/2014,Marleah,Hardson,4192 Elmside Court,Sacramento,California,64448,916-685-5176,mhardson5c@cloudflare.com,Instructor,187,iXXLnOI
E194,4,7/16/2008,Phil,Alvarado,25 Maywood Trail,Richmond,California,88346,510-602-4043,palvarado5d@intel.com,Instructor,11,0TNZxyvS
E195,3,4/20/2008,Maren,Leel,848 Shoshone Drive,Memphis,Tennessee,32669,901-722-5037,mleel5e@skyrock.com,Instructor,4,bDkY4xIr
E196,8,5/2/1986,Tara,Koppel,550 Reinke Road,Albany,New York,30474,518-399-7558,tkoppel5f@wikispaces.com,etc,118,04qpJrMskWg3
E197,2,1/3/2017,Clayborne,Cisar,7 Loomis Street,Albuquerque,New Mexico,27257,505-243-2292,ccisar5g@rambler.ru,etc,167,F8iYwD4
E198,3,10/6/2005,Lorie,Burrells,03 Corben Alley,New Haven,Connecticut,61316,203-635-3258,lburrells5h@hubpages.com,admin,136,5H57xdKdYt5
E199,4,3/13/2001,Winnie,Teeney,763 Eggendart Point,Cleveland,Ohio,96423,216-653-6159,wteeney5i@chron.com,Instructor,132,SnCh3qwjC
E200,3,8/11/2000,Parnell,Burley,29643 Northridge Alley,Phoenix,Arizona,73778,602-905-7462,pburley5j@ca.gov,admin,54,dW6Iv3
E201,1,5/12/1980,Jamil,Rubinfajn,41 Kedzie Hill,Waco,Texas,63558,254-893-1711,jrubinfajn5k@cbsnews.com,Instructor,172,cXVOim
E202,10,1/11/2020,Monroe,Sturte,33133 Randy Plaza,El Paso,Texas,21853,915-849-2438,msturte5l@nhs.uk,etc,125,3XRZZ839eu
E203,4,10/1/2009,Cairistiona,Wrennall,7 Nobel Crossing,Phoenix,Arizona,79570,480-605-7111,cwrennall5m@shutterfly.com,etc,97,d0dR76qV9Gg7
E204,8,9/5/2007,Skipp,Daid,5 Westerfield Park,Albany,New York,21297,518-387-6124,sdaid5n@smh.com.au,admin,102,9i7tvBv0sNi
E205,10,3/18/2002,Jacklyn,Cogswell,100 Artisan Lane,Saint Cloud,Minnesota,59770,320-385-7895,jcogswell5o@homestead.com,etc,89,FksbexcM
E206,2,2/21/1990,Opaline,Marians,0967 Lukken Hill,Young America,Minnesota,14135,952-698-3611,omarians5p@youtube.com,etc,200,S2ZCRBGLd
E207,2,3/3/2015,Billy,Frostdyke,2 Paget Avenue,El Paso,Texas,90951,915-753-1336,bfrostdyke5q@army.mil,Instructor,17,An71clst3G
E208,2,9/12/1994,Maighdiln,Carver,218 Elmside Terrace,Saint Louis,Missouri,39237,314-475-1029,mcarver5r@about.me,etc,170,RAjzUfW
E209,1,1/5/2010,Aymer,Demschke,6887 Dakota Trail,Dallas,Texas,26305,972-245-1955,ademschke5s@storify.com,Instructor,197,3gDeGl
E210,3,10/17/1981,Donia,Amorts,69 Donald Place,Lake Worth,Florida,12026,561-824-4831,damorts5t@hud.gov,etc,100,leyPDDxFZ
E211,1,5/4/2000,Cullie,Asbury,59 Pawling Center,Schenectady,New York,94743,518-579-6940,casbury5u@ow.ly,Instructor,146,hMhdr1Eomn
E212,7,2/28/2014,Tera,Maceur,4 Bayside Road,Myrtle Beach,South Carolina,98309,843-675-6594,tmaceur5v@ow.ly,admin,87,IuOI2pRma
E213,3,1/26/2020,Jdavie,Rossin,6642 Myrtle Drive,Nashville,Tennessee,82228,615-721-7611,jrossin5w@unc.edu,admin,20,pUE7jE9
E214,10,12/13/2001,Cordy,Squeers,2375 Tennessee Center,Philadelphia,Pennsylvania,52692,215-428-6112,csqueers5x@sbwire.com,Instructor,96,2XrgyAsNt3qg
E215,10,9/18/1983,Lorena,Sinnocke,372 Susan Terrace,Anniston,Alabama,44780,256-997-8061,lsinnocke5y@phoca.cz,admin,144,Pialrx
E216,4,2/14/1984,Crystie,Whitehead,7476 Derek Center,Amarillo,Texas,38715,806-122-1790,cwhitehead5z@constantcontact.com,etc,195,4A3IAXBpUQ8Z
E217,7,4/2/2002,Antonina,Calverd,7 Claremont Lane,Fresno,California,77453,559-632-0275,acalverd60@economist.com,Instructor,200,vrYf1m87txG6
E218,5,5/18/2002,Easter,Roj,611 Starling Trail,El Paso,Texas,20859,915-938-4149,eroj61@tuttocitta.it,etc,28,y8WRypLJh
E219,2,3/20/2010,Gunilla,Djurevic,2871 La Follette Point,Raleigh,North Carolina,38875,919-573-2850,gdjurevic62@photobucket.com,etc,97,rVLKuAN
E220,5,10/29/1981,Yolande,Luttger,6 Grayhawk Alley,Maple Plain,Minnesota,67274,763-137-5656,yluttger63@w3.org,etc,130,9jFxrG
E221,10,6/27/1999,Murdock,Jakobsson,63690 Mallard Park,Saint Petersburg,Florida,76489,727-830-7559,mjakobsson64@theatlantic.com,Instructor,125,QI5iQX
E222,4,2/26/2010,Coop,Pochet,08 Di Loreto Place,Baltimore,Maryland,91202,410-454-5125,cpochet65@hao123.com,Instructor,98,cH6vPxC
E223,5,12/28/1990,Bail,Croome,918 Hanover Hill,Portsmouth,New Hampshire,98913,603-205-9755,bcroome66@reuters.com,admin,187,qEcRW5tJa
E224,3,7/25/2005,Skyler,Crole,79 Eliot Parkway,Washington,District of Columbia,45054,202-137-9582,scrole67@nydailynews.com,etc,96,lRLiCQt7Ft
E225,10,7/23/2001,Sidnee,Hoyle,6 Golf View Park,Sacramento,California,69674,916-811-4095,shoyle68@vinaora.com,Instructor,38,k16LVX5Y9ONF
E226,6,8/5/2003,Melina,Kits,2 Sutteridge Trail,Raleigh,North Carolina,20284,919-794-3740,mkits69@nbcnews.com,etc,151,MQJAEaIRMn8g
E227,10,11/17/2000,Shellie,Harker,0161 Superior Lane,Saint Louis,Missouri,83118,314-646-9650,sharker6a@howstuffworks.com,Instructor,73,84nE4MG
E228,4,3/1/2018,Alexio,Jouning,14567 Holy Cross Junction,Akron,Ohio,83386,330-373-9507,ajouning6b@symantec.com,admin,145,1EOb8TTWWP
E229,3,10/17/1993,Rodolphe,Cronchey,8929 Hazelcrest Point,Beaverton,Oregon,23610,503-263-0292,rcronchey6c@disqus.com,etc,33,d6DlyRKF
E230,4,9/12/1998,Kinny,Lowless,2 Brentwood Point,Phoenix,Arizona,58522,602-711-7304,klowless6d@livejournal.com,etc,87,0GH0nfJ2WXe7
E231,6,10/27/2011,Shirl,Yeskov,94460 New Castle Trail,El Paso,Texas,89609,915-743-4142,syeskov6e@symantec.com,etc,102,qT63YwDdACtF
E232,9,4/28/1996,Laney,Bee,294 Birchwood Court,Brooklyn,New York,37079,212-527-0631,lbee6f@1688.com,admin,27,TpAz8kLqjes
E233,1,4/5/1992,Oriana,Bramford,396 Merry Pass,Sparks,Nevada,79708,775-967-3477,obramford6g@wisc.edu,etc,146,Kp2nB9
E234,8,6/29/2000,Gan,Merlin,070 Summerview Circle,Monticello,Minnesota,55451,763-463-3534,gmerlin6h@domainmarket.com,admin,27,pxrFiOZubDX
E235,4,3/31/1986,Corliss,Dacks,74614 Northridge Pass,Columbus,Mississippi,66914,662-719-6367,cdacks6i@sphinn.com,admin,36,A1Hu4vfvssin
E236,1,11/16/2017,Harli,Yarrow,9 7th Street,Cleveland,Ohio,13782,216-590-7478,hyarrow6j@github.io,etc,162,TwD2Dc2uY
E237,6,11/4/1984,Yasmeen,Ernshaw,14658 East Lane,New Orleans,Louisiana,76936,504-788-8239,yernshaw6k@soup.io,etc,100,b26NkPW1nyg
E238,7,6/18/1992,Mia,McVie,1 Portage Park,Philadelphia,Pennsylvania,64442,215-694-6514,mmcvie6l@salon.com,Instructor,51,JNeP9NK
E239,6,6/1/1997,Benoite,Frensch,265 Superior Place,Bridgeport,Connecticut,45372,203-230-8555,bfrensch6m@aboutads.info,etc,28,3ibsvJ
E240,1,10/21/2007,Fanchette,Slingsby,157 Dahle Park,Baton Rouge,Louisiana,71563,225-360-5817,fslingsby6n@yellowpages.com,etc,183,DbdLhor
E241,8,5/20/1998,Deanne,Edmett,6 Glacier Hill Avenue,Toledo,Ohio,56396,419-573-5223,dedmett6o@sphinn.com,Instructor,7,pDptVeb
E242,5,8/26/1987,Jillayne,Conrart,2995 Holmberg Crossing,San Antonio,Texas,60876,210-371-5000,jconrart6p@utexas.edu,admin,131,Bp4yXKzJp
E243,1,6/29/1991,Sashenka,Titchard,220 Fairview Point,Baltimore,Maryland,92195,410-280-5698,stitchard6q@youtube.com,Instructor,184,PofIddZlhJT
E244,4,10/2/2001,Kendell,De Blasio,6 Jackson Pass,San Antonio,Texas,79290,210-954-0154,kdeblasio6r@elpais.com,Instructor,24,j7KX00
E245,10,2/14/2019,Heath,Von Helmholtz,2 Ronald Regan Road,Nashville,Tennessee,59134,615-146-7558,hvonhelmholtz6s@accuweather.com,etc,96,vf8gmmbIpC
E246,5,11/16/2008,Gayel,Dabnot,94360 Northwestern Drive,Fort Smith,Arkansas,55468,479-676-6949,gdabnot6t@devhub.com,admin,93,qpaWZj
E247,2,6/21/1991,Kitty,Worthy,44 Ruskin Place,Tallahassee,Florida,60136,850-199-2204,kworthy6u@google.co.uk,Instructor,1,G1XLHX
E248,7,2/9/2007,Lolita,Giron,82751 Orin Center,Detroit,Michigan,83812,313-764-5542,lgiron6v@prnewswire.com,admin,59,MPAhGbF
E249,3,1/5/1996,Alphonse,Peatman,6 Summer Ridge Way,Paterson,New Jersey,36915,973-922-0667,apeatman6w@fema.gov,Instructor,113,YBKJOd0Lgo
E250,9,12/30/1996,Kaela,Grahl,67871 Blackbird Drive,Washington,District of Columbia,30548,202-550-7801,kgrahl6x@indiatimes.com,admin,145,MBszs4RHUu
E251,10,12/14/1984,Marylinda,Shilleto,04 Hollow Ridge Lane,Cincinnati,Ohio,10990,513-525-3119,mshilleto6y@free.fr,Instructor,137,vtUP50fh
E252,6,3/17/1987,Napoleon,Sheffield,9 Twin Pines Court,West Palm Beach,Florida,90613,561-890-9832,nsheffield6z@meetup.com,etc,57,IscdAod5ATvt
E253,8,9/17/1991,Trina,Chasmor,95071 Bowman Place,Chattanooga,Tennessee,66662,423-182-3289,tchasmor70@constantcontact.com,etc,190,yMnepg
E254,1,1/12/2000,Kathryne,Philler,77074 Acker Road,Minneapolis,Minnesota,97528,763-426-4584,kphiller71@bravesites.com,admin,74,PNBa9g0F5d
E255,10,7/2/1980,Harley,Mitchiner,01869 Sommers Circle,Bonita Springs,Florida,22700,941-567-0297,hmitchiner72@google.fr,admin,108,OuyzipYb
E256,1,6/3/1994,Adelle,Coweuppe,0285 Farragut Parkway,Evansville,Indiana,10643,812-906-0643,acoweuppe73@bloglovin.com,Instructor,192,6kMH9Jfgt
E257,4,12/15/2019,Dedie,Corsham,6705 Atwood Hill,Albany,New York,56418,518-108-8836,dcorsham74@yandex.ru,etc,191,Pa6HJf
E258,1,3/18/1982,Lorrie,Gothrup,13 Schurz Center,Las Vegas,Nevada,28817,702-956-5274,lgothrup75@de.vu,admin,94,uzE2o2Qpzu
E259,4,12/20/2000,Gerhardine,Orbon,68939 Village Green Avenue,Syracuse,New York,84061,315-681-9792,gorbon76@bizjournals.com,etc,81,vhwyda8OmRS
E260,9,3/31/1987,Mabel,Beirne,2789 Grover Lane,Peoria,Illinois,17678,309-633-7202,mbeirne77@networkadvertising.org,etc,199,GjiyrZx8
E261,4,4/27/2006,Ambrose,Cartan,9911 Comanche Point,Louisville,Kentucky,50387,502-921-2985,acartan78@jimdo.com,Instructor,20,iRmK0wf
E262,4,9/26/1985,Kristoforo,Scurrah,537 Barby Plaza,Marietta,Georgia,98174,770-966-3817,kscurrah79@com.com,Instructor,100,9riOEwyCY
E263,9,9/30/2008,Nadean,Anstead,25 Cordelia Crossing,Dayton,Ohio,55749,937-555-3415,nanstead7a@hubpages.com,etc,29,Y2osIgsR2c
E264,6,5/10/1989,Charmion,McBoyle,0121 Alpine Center,Tacoma,Washington,58120,253-442-5433,cmcboyle7b@about.com,Instructor,137,tzW5CDsNH
E265,6,2/26/1986,Rhianon,Benedetti,015 Crest Line Plaza,Louisville,Kentucky,63969,502-269-4098,rbenedetti7c@tripod.com,etc,57,JyuTvqQvXZ
E266,8,11/4/1995,Gilly,Viggers,6483 Lerdahl Hill,Detroit,Michigan,43868,313-837-0338,gviggers7d@tripadvisor.com,admin,184,9PPQMlLZ
E267,10,5/1/1985,Melba,Althorpe,3 Daystar Alley,Fort Lauderdale,Florida,93073,754-338-6417,malthorpe7e@nifty.com,Instructor,99,TO6p3h
E268,1,10/2/2004,Linette,Lamb-shine,40497 Myrtle Hill,Irvine,California,32827,714-578-4365,llambshine7f@1und1.de,etc,181,O2pZjr7g0vRR
E269,4,11/12/2009,Christoffer,Lowder,45506 Laurel Road,Topeka,Kansas,27379,785-908-2102,clowder7g@craigslist.org,Instructor,156,0eH7ajhmc
E270,1,9/20/2007,Jesse,Collard,0325 Fieldstone Road,Orlando,Florida,59684,321-257-5615,jcollard7h@merriam-webster.com,Instructor,119,YSO6L9
E271,2,1/4/2008,Walsh,Bonefant,822 Hoffman Point,Battle Creek,Michigan,40970,269-686-9073,wbonefant7i@purevolume.com,etc,49,FJUkHu
E272,10,10/21/1996,Juliet,Abys,753 Summerview Junction,Columbia,South Carolina,39075,803-315-4243,jabys7j@tinyurl.com,Instructor,38,a9XfV0wrZVL
E273,5,6/12/2004,Mandi,Tylor,34 Amoth Park,Trenton,New Jersey,52051,609-197-3441,mtylor7k@deviantart.com,etc,54,5mjUb536Uu
E274,7,7/3/2017,Cissy,Knewstubb,2469 Muir Trail,Shreveport,Louisiana,33027,318-981-4211,cknewstubb7l@jigsy.com,etc,184,gs13ovEpiNch
E275,3,8/25/1989,Lou,Lenox,9427 Loeprich Plaza,Durham,North Carolina,28286,919-125-4394,llenox7m@yandex.ru,Instructor,156,75ltzl
E276,5,9/1/2005,Shalna,MacShirie,56755 Monterey Avenue,Austin,Texas,21035,512-152-2192,smacshirie7n@shinystat.com,Instructor,45,HvhOiwj4NRH
E277,4,7/19/1985,Dino,Matthias,111 New Castle Pass,Birmingham,Alabama,89705,205-813-0132,dmatthias7o@prnewswire.com,etc,66,KjU6gQIOf6Q6
E278,5,3/9/1998,Kattie,Levet,94116 Straubel Pass,Miami,Florida,22023,786-224-4565,klevet7p@wikimedia.org,admin,180,Nks2cQ
E279,9,7/9/2002,Carmine,O'Looney,02 Tennyson Park,Akron,Ohio,17250,330-481-8465,colooney7q@ted.com,etc,91,xDNxqZgRNfl
E280,9,4/27/1980,Eada,Ivankin,61 Pepper Wood Crossing,Woburn,Massachusetts,52867,339-801-3761,eivankin7r@who.int,etc,199,a4LLCeSO
E281,8,5/24/2005,Shandy,Pescud,32 Dryden Hill,Rochester,New York,60421,585-105-5957,spescud7s@drupal.org,Instructor,37,ZykdCyCVPj
E282,10,3/13/1985,Gina,Hassewell,71 Dawn Road,Raleigh,North Carolina,14248,919-703-9501,ghassewell7t@so-net.ne.jp,etc,123,y1hhgD6LW
E283,7,1/26/1989,Kinna,Dedon,57 Hayes Park,Lexington,Kentucky,65205,859-279-6286,kdedon7u@washingtonpost.com,Instructor,39,v3D8Q5Vsy
E284,5,11/12/2000,Sebastian,Muldownie,99 Dexter Crossing,Charlotte,North Carolina,77804,704-699-8034,smuldownie7v@sakura.ne.jp,etc,133,47SPMUyV
E285,9,1/23/1997,Godwin,Alekseev,9 Cody Hill,Monticello,Minnesota,43667,763-654-0945,galekseev7w@last.fm,admin,150,Jzjs7pVizl3
E286,5,3/29/2011,Randy,Abrahamian,8623 School Avenue,Columbia,South Carolina,59685,803-536-7266,rabrahamian7x@xrea.com,Instructor,53,czMGWK3jKo
E287,5,7/23/2010,Pepito,Magson,72983 7th Center,Phoenix,Arizona,70953,602-673-6210,pmagson7y@nps.gov,Instructor,183,zV9YKhWMFV34
E288,3,10/28/2002,Yvonne,Kamall,298 Di Loreto Park,London,Kentucky,14656,606-328-1692,ykamall7z@liveinternet.ru,etc,117,eCPHMjwy6uy
E289,10,5/2/1998,Britney,Bootes,062 Huxley Circle,Oakland,California,58379,510-461-7416,bbootes80@buzzfeed.com,admin,54,7wCi3xg4BIoU
E290,4,1/6/1989,Nari,Kitteringham,09636 Thackeray Terrace,Kansas City,Missouri,83064,816-875-0880,nkitteringham81@twitpic.com,Instructor,80,5udRVu0
E291,4,4/27/1983,Farlay,Brinkman,39 Brown Parkway,New York City,New York,45029,212-343-9012,fbrinkman82@mozilla.org,Instructor,56,IWf1z4sC
E292,9,9/20/2010,Dorothy,Ivanaev,729 Nobel Alley,Lafayette,Louisiana,75762,337-655-8712,divanaev83@chronoengine.com,Instructor,191,laibefTI
E293,6,1/30/2008,Briny,Bernardini,0 New Castle Way,Nashville,Tennessee,65612,615-894-1121,bbernardini84@ed.gov,etc,199,9zCHqTacrme
E294,5,3/17/2006,Cybill,Dockwray,996 Morningstar Junction,Monroe,Louisiana,24811,318-642-2567,cdockwray85@shareasale.com,admin,44,mGw8adEQ7
E295,2,2/29/1980,Lindy,Hartell,18210 Sheridan Hill,Pensacola,Florida,47948,850-681-4233,lhartell86@samsung.com,etc,198,eZD3rbW29
E296,8,1/28/1998,Matt,McIlwreath,81390 Trailsway Court,Migrate,Kentucky,21405,502-958-7307,mmcilwreath87@example.com,etc,64,0zqUeits
E297,10,2/10/2014,Arny,Durkin,31527 Nova Point,Cincinnati,Ohio,66077,513-422-1117,adurkin88@ucsd.edu,Instructor,166,AJHbLcE
E298,1,10/1/1983,Katherine,Ferrige,31 Messerschmidt Crossing,Kansas City,Missouri,16859,816-595-9305,kferrige89@posterous.com,Instructor,87,lCDEXQRMlF
E299,6,12/18/2011,Theresita,Domenichelli,94 Russell Place,Dallas,Texas,16353,214-144-4287,tdomenichelli8a@google.com.hk,Instructor,123,HgG9r1yq2
E300,5,2/6/1992,Madelyn,Glassard,9 Becker Center,San Jose,California,82146,408-474-7418,mglassard8b@bbc.co.uk,etc,10,UiR0AeL
